"datetime","requestCount"
"2022-03-30T04:14:00Z",8
"2022-03-30T04:15:00Z",15
"2022-03-30T04:18:00Z",16
"2022-03-30T04:20:00Z",9
"2022-03-30T04:21:00Z",8
"2022-03-30T04:23:00Z",18
"2022-03-30T04:26:00Z",19
"2022-03-30T04:28:00Z",20
"2022-03-30T04:31:00Z",21
"2022-03-30T04:34:00Z",22
"2022-03-30T04:36:00Z",23
"2022-03-30T04:39:00Z",24
"2022-03-30T04:41:00Z",25
"2022-03-30T04:44:00Z",13
"2022-03-30T04:45:00Z",12
"2022-03-30T04:46:00Z",25
"2022-03-30T04:47:00Z",25
"2022-03-30T04:48:00Z",25
"2022-03-30T04:49:00Z",25
"2022-03-30T04:55:00Z",25
"2022-03-30T05:01:00Z",25
"2022-03-30T05:07:00Z",25
"2022-03-30T05:11:00Z",12
"2022-03-30T05:12:00Z",26
"2022-03-30T05:13:00Z",12
"2022-03-30T05:14:00Z",25
"2022-03-30T05:15:00Z",37
"2022-03-30T05:16:00Z",25
"2022-03-30T05:17:00Z",25
"2022-03-30T05:18:00Z",25
"2022-03-30T05:19:00Z",25
"2022-03-30T05:20:00Z",25
"2022-03-30T05:21:00Z",25
"2022-03-30T05:22:00Z",25
"2022-03-30T05:23:00Z",25
"2022-03-30T05:24:00Z",25
"2022-03-30T05:25:00Z",25
"2022-03-30T05:30:00Z",25
"2022-03-30T05:31:00Z",25
"2022-03-30T05:32:00Z",25
"2022-03-30T05:33:00Z",38
"2022-03-30T05:34:00Z",25
"2022-03-30T05:35:00Z",25
"2022-03-30T05:36:00Z",25
"2022-03-30T05:37:00Z",25
"2022-03-30T05:38:00Z",25
"2022-03-30T05:39:00Z",25
"2022-03-30T05:40:00Z",13
"2022-03-30T05:41:00Z",24
"2022-03-30T05:42:00Z",13
"2022-03-30T05:43:00Z",25
"2022-03-30T05:44:00Z",25
"2022-03-30T05:49:00Z",25
"2022-03-30T05:50:00Z",38
"2022-03-30T05:51:00Z",25
"2022-03-30T05:52:00Z",25
"2022-03-30T05:53:00Z",25
"2022-03-30T05:54:00Z",25
"2022-03-30T05:55:00Z",25
"2022-03-30T05:56:00Z",25
"2022-03-30T05:57:00Z",25
"2022-03-30T05:58:00Z",25
"2022-03-30T05:59:00Z",25
"2022-03-30T06:00:00Z",25
"2022-03-30T06:01:00Z",25
"2022-03-30T06:02:00Z",25
